fold,model_name,category,cv_strategy,held_out_station,num_train_samples,num_test_samples,actual_mean_ghi,actual_std_ghi,pred_mean_ghi,pred_std_ghi,mae,mse,rmse,r2,mbe,nmae_pct,nrmse_pct,inference_time_ms,training_time_s
1,rf,Ensemble,loso,Afif - TVTC,1600,49,6219.828571428571,1173.7154214767074,6255.602224489795,1051.3292166156143,140.66079591836782,32651.26379210222,180.69660702985604,0.9762985795779733,35.773653061224685,2.261489915727064,2.905170214174466,0.613169387717641,0.17723298072814941
2,rf,Ensemble,loso,Al Ahsa - KFU,1631,18,5549.283333333333,1266.2999443917963,5620.550333333332,1255.3621485276228,177.38699999999966,52870.48511155533,229.9358282468292,0.9670283926220536,71.26699999999917,3.1965749330994635,4.143522945848789,1.730833333365606,0.17877721786499023
3,rf,Ensemble,loso,Al Baha - University,1617,32,6122.075000000001,770.5048710099112,6006.59009375,584.7351449601645,251.36134374999946,118402.32501846844,344.0963891389569,0.8005612914211852,-115.48490624999963,4.1058194117190565,5.620584346630135,0.9677562499064152,0.17146563529968262
4,rf,Ensemble,loso,Al Dawadmi - TVTC,1600,49,6158.08163265306,1242.735881715603,6132.706714285715,1198.5597102017484,84.33736734693846,12164.080033367267,110.29088826084985,0.9921237119085731,-25.374918367346623,1.3695396127869086,1.7909942550296087,0.6175510203988501,0.18122434616088867
5,rf,Ensemble,loso,Al Dhahran - KFUPM,1604,45,5201.251111111111,1315.5792518248752,5260.576377777777,1283.9811907635356,155.88868888888888,39302.53527700006,198.2486703032332,0.9772916000245202,59.32526666666727,2.9971382953588517,3.8115573747194564,0.7233022222256599,0.1759493350982666
6,rf,Ensemble,loso,Al Farshah - TQ TVTC,1604,45,5783.742222222222,648.1317134619026,5668.046844444444,658.8595436058666,272.72600000000034,136338.09551493372,369.23988884590153,0.6754432255155702,-115.69537777777782,4.715389958980812,6.384100028303694,0.6913022222256081,0.17587614059448242
7,rf,Ensemble,loso,Al Hanakiyah - TVTC,1598,51,6190.123529411763,1218.1734376320348,6303.793901960785,1188.8071001713163,169.18456862745063,66520.80102747047,257.9162674735164,0.9551730470439476,113.67037254901979,2.7331371954628496,4.166577068261282,0.6636509803915853,0.17753028869628906
8,rf,Ensemble,loso,Al Jouf - TVTC,1609,40,5857.597500000001,1618.4891058464837,5905.936874999999,1529.8131889550957,166.5531749999994,41044.80630072489,202.5951783748194,0.9843310949258373,48.3393749999996,2.843370084748899,3.4586736008204624,0.7806199999322416,0.17381978034973145
9,rf,Ensemble,loso,Al Jubail - SWCC,1600,49,5368.820408163266,1346.8619593494689,5348.287510204082,1248.095984684494,171.75338775510212,44862.191015020406,211.8069663987009,0.9752694197452919,-20.53289795918323,3.199089831612768,3.9451304066094184,0.6424693877919225,0.1663966178894043
10,rf,Ensemble,loso,Al Khafji - SWCC,1627,22,5728.686363636364,1368.320342043636,5585.6285,1243.6810521740308,279.85149999999953,162199.6635398633,402.74019359863166,0.9133687896380772,-143.05786363636363,4.885090267402243,7.030236393374251,1.4227090908785942,0.1721487045288086
11,rf,Ensemble,loso,Al Qunfudhah - TVTC,1604,45,5561.022222222223,862.9555088026493,5471.682355555555,802.3561123288274,215.0460444444451,74418.27547164481,272.79713244762087,0.9000684115463318,-89.33986666666705,3.8670236487296616,4.905521351047744,0.7773133333507253,0.17074871063232422
12,rf,Ensemble,loso,Al Uwayqilah,1645,4,4700.0,1374.3970077819579,4919.3895,1308.793499255039,219.38949999999977,71239.86905250006,266.9079786227831,0.9622863374737856,219.38949999999977,4.667861702127655,5.678893162186874,7.840749999559193,0.17432403564453125
13,rf,Ensemble,loso,Al Wajh - TVTC,1630,19,6172.1578947368425,1468.5868779977395,5951.021263157893,1099.9004393356336,445.64084210526335,411360.69463968393,641.3740676389123,0.8092680250069229,-221.13663157894777,7.220178901859797,10.391407325885625,1.6136105263477045,0.1746523380279541
14,rf,Ensemble,loso,Arar - TVTC,1612,37,5733.135135135134,1774.237785827315,5767.499567567567,1593.6479631972136,255.75335135135091,97167.93019199958,311.71770914081793,0.9691326530488182,34.364432432432295,4.460968480997137,5.437124745769149,0.8334432431847499,0.17655253410339355
15,rf,Ensemble,loso,Dammam - IAFU,1625,24,5679.474999999999,1462.4693592944093,5727.24325,1289.449169831808,228.72558333333302,104416.70189216628,323.13573292374565,0.9511801523421256,47.768250000000954,4.0272310967709695,5.689535263800716,1.3023416666631722,0.17830753326416016
16,rf,Ensemble,loso,Duba - TVTC,1598,51,6060.007843137256,1282.3317258933441,6141.414999999998,1200.4968907987602,170.86362745098032,51689.45592092141,227.35315243233688,0.9685658887064215,81.40715686274423,2.8195281569557262,3.75169732972881,0.593537254876448,0.1715233325958252
17,rf,Ensemble,loso,Farasan - SWCC,1611,38,5479.676315789476,759.3133440412188,5562.627526315788,613.8501427568614,231.06694736842047,80232.85561505244,283.2540478352471,0.8608413569049029,82.95121052631605,4.216799205869331,5.169174810911029,0.8118184210424692,0.17270278930664062
18,rf,Ensemble,loso,Hada Al Sham - KAU,1598,51,5853.949019607843,1122.0203016884318,5871.420725490195,1108.3480598335464,97.69500000000046,17293.41526829411,131.50443060328465,0.986263397211838,17.471705882351955,1.6688734335193283,2.246422545922584,0.5885705882689103,0.17219924926757812
19,rf,Ensemble,loso,Hafar Al Batin - TVTC,1599,50,5774.338000000001,1488.745472119395,5905.485919999999,1410.862396391,202.91551999999967,68371.68404039975,261.47979661992963,0.9691514063584391,131.14792000000014,3.514091485465514,4.528307775193097,0.607192000024952,0.1657252311706543
20,rf,Ensemble,loso,Hagl - SWCC,1598,51,5767.360784313726,1417.5352506013471,5734.8518627450985,1273.256537026342,211.41107843137254,64053.8824484902,253.0886849475697,0.9681229793794124,-32.508921568628004,3.665646841556643,4.38829291963023,0.6112921568559364,0.18187808990478516
21,rf,Ensemble,loso,Hail - TVTC,1603,46,5909.593478260869,1376.415776794803,5910.51893478261,1312.8800213555794,178.127152173913,51895.59369402174,227.80604402434486,0.9726075296147527,0.9254565217394252,3.0142031398466673,3.854851350813825,0.7052586956295114,0.173187255859375
22,rf,Ensemble,loso,Jazan - University,1605,44,5479.720454545455,658.8391897805582,5468.812045454546,669.3539683709606,179.63640909090935,54049.66014177277,232.48582782994058,0.8754814316837135,-10.908409090909242,3.2782038897969703,4.242658539946001,0.6999886362874266,0.1716759204864502
23,rf,Ensemble,loso,Jeddah - KAU,1603,46,5424.1391304347835,1065.8639036375632,5547.732065217391,1015.2438791739817,179.89397826086943,49746.294497978124,223.03877353047412,0.9562117864797063,123.59293478260837,3.3165443203970626,4.111966307777875,0.6694565217912896,0.16453027725219727
24,rf,Ensemble,loso,Layla - TVTC,1598,51,6283.745098039216,1045.311658059916,6206.56,1030.0788197801019,120.5990588235293,28126.13866545102,167.70849312259358,0.974259408314042,-77.1850980392158,1.9192226441706095,2.668925784003006,0.5958627450893925,0.16851425170898438
25,rf,Ensemble,loso,Madinah - Taibah University,1625,24,5939.904166666667,1174.7210255627954,5994.276041666665,1163.520969091535,148.30870833333304,36734.43762304162,191.66230099589646,0.9733802537337535,54.37187499999908,2.496819884159181,3.2266901218955653,1.3299208332379446,0.16989421844482422
26,rf,Ensemble,loso,Mahd ad Dahab,1642,7,5798.400000000001,949.9375588502045,5903.440571428572,894.2532197454484,121.58857142857323,24446.788671143102,156.35468867655712,0.9729085843303157,105.04057142857177,2.0969331441186054,2.696514360453868,4.408200000138355,0.1730031967163086
27,rf,Ensemble,loso,Majmaah - University,1598,51,5979.882352941176,1368.858325315889,5949.884509803921,1289.591172350268,132.3745882352945,32096.443820156997,179.15480406664233,0.982870688256293,-29.99784313725541,2.2136654272167533,2.9959586743128135,0.6194823528822584,0.17165374755859375
28,rf,Ensemble,loso,Makkah - UQU,1626,23,5840.304347826087,1196.1438442211092,5932.276173913043,1062.5395958833578,240.14113043478233,154287.585535478,392.7945844019212,0.8921639022785974,91.9718260869556,4.111791374779451,6.725584164943897,1.3780304347481274,0.18039250373840332
29,rf,Ensemble,loso,Najran - University,1599,50,6840.951999999999,698.6154293286113,6669.460539999997,674.7198550157,260.8538600000001,113482.6225055001,336.8718191026078,0.7674839067090883,-171.49146000000147,3.8131222087218286,4.924341218921106,0.6466519999958109,0.17648911476135254
30,rf,Ensemble,loso,Osfan - KAU,1603,46,5753.413043478261,1092.5723178947324,5778.740217391304,1027.0572614672699,112.59534782608685,22632.96293704355,150.44255693467707,0.9810398823997729,25.327173913043037,1.9570183293848247,2.614840196554463,0.68877173907822,0.17555594444274902
31,rf,Ensemble,loso,Rania - TVTC,1621,28,6412.253571428572,799.1166299117612,6339.621321428572,778.2670009344039,174.36675000000065,76208.3671908927,276.05862998807464,0.8806610205605215,-72.63225000000004,2.7192740907336552,4.305173320314782,1.1658535713650053,0.18969321250915527
32,rf,Ensemble,loso,Riyadh - K.A.CARE City T2,1604,45,5906.017777777777,1218.4886161486907,5864.777377777778,1184.3045016533974,99.04542222222226,17632.04072159992,132.7856947174654,0.9881242887906412,-41.24039999999942,1.6770254670565774,2.2483118018555626,0.7664400000066962,0.19801831245422363
33,rf,Ensemble,loso,Riyadh - K.A.CARE HQ,1604,45,5699.173333333333,1256.6968934295792,5768.378266666666,1235.4181133805562,96.3374666666665,14299.379754444375,119.58001402594154,0.9909456742109622,69.20493333333289,1.6903761481197246,2.0981992831581695,0.7505222222082213,0.20288801193237305
34,rf,Ensemble,loso,Riyadh - KSU,1598,51,5913.5,1281.0528315627353,5888.804647058822,1251.0315131237344,80.84068627450954,12829.526187509735,113.26749837225917,0.9921823443633926,-24.695352941176502,1.367053120394175,1.9154054007315326,0.6074137254829254,0.18393182754516602
35,rf,Ensemble,loso,Shaqra - University,1602,47,5994.593617021277,1329.9769433938534,6005.607468085107,1300.6678703806717,66.79972340425498,8319.86315168084,91.21328385537295,0.9952964262411379,11.01385106383022,1.114332808392237,1.5215924495094795,0.6717787234284767,0.1785717010498047
36,rf,Ensemble,loso,Sharurah - TVTC,1608,41,6656.526829268292,674.428293038572,6550.510487804878,828.8833943281358,199.04487804878016,86272.93444926795,293.7225467158896,0.8103280942304307,-106.01634146341452,2.99022122428161,4.412549581027927,0.7884463414417795,0.1841754913330078
37,rf,Ensemble,loso,Tabuk - University,1615,34,6011.488235294117,1461.0986017306425,5963.630705882352,1239.0625727208292,260.54564705882353,116173.18001335299,340.8418695133463,0.9455814673506694,-47.857529411764546,4.334128868940158,5.6698417458795936,0.8959441176343449,0.22913217544555664
38,rf,Ensemble,loso,Taif - University,1624,25,6213.852,1028.2639618774938,6078.853679999999,833.5886183397519,296.27840000000003,167488.4009471196,409.25346784983947,0.8415925853194902,-134.99831999999986,4.768031166497046,6.5861476560729075,1.2438799999654293,0.18187785148620605
39,rf,Ensemble,loso,Thuwal - KAUST,1603,46,5567.534782608695,1035.9074126029905,5483.154630434784,911.337306822718,192.96249999999986,60377.31830006512,245.7179649518226,0.9437358272109564,-84.38015217391266,3.465851719557401,4.413406912505902,0.7322239130387417,0.16139602661132812
40,rf,Ensemble,loso,Timaa - TVTC,1598,51,6221.5921568627455,1460.165548610927,6199.718529411766,1363.9137040884402,160.28605882352932,38791.36311221569,196.95523123851189,0.9818058887479665,-21.873627450980255,2.576286821480661,3.1656724882112344,0.6116294117579374,0.17638707160949707
41,rf,Ensemble,loso,Umluj - SWCC,1598,51,5969.813725490198,1184.3944103310246,5874.13111764706,1006.1828251364822,237.98080392156763,97914.68894048971,312.9132290915322,0.9302000437565827,-95.68260784313684,3.9864025054152985,5.241591169845723,0.6023352941744687,0.17047691345214844
42,rf,Ensemble,loso,Wadi Addawasir - TVTC,1634,15,6290.633333333333,788.4023386289234,6257.224266666668,837.2414580477534,104.86866666666629,15560.886276133226,124.74328148695314,0.9749655231061759,-33.40906666666591,1.667060550342037,1.9830003574672364,2.1960133334990437,0.17378711700439453
43,rf,Ensemble,loso,Yanbu - RCJY,1637,12,5882.533333333333,1335.5128361627812,5817.017166666666,1143.2123914092415,320.6913333333346,167975.30323300068,409.8479025602067,0.9058220352863553,-65.51616666666796,5.451585484711825,6.967200682702579,2.5750999999824367,0.17019224166870117
